Name	read1	
sample1	R1_pasted_CTATAGTA
sample2	R1_pasted_CGAGATTC
sample3	R1_pasted_TCAACTAA
sample4	R1_pasted_GAATCTCG
sample5	R1_pasted_TTACGGTG
sample6	R1_pasted_GCATGTAC
sample7	R1_pasted_CGATTGAC
sample8	R1_pasted_TAACTGGC
sample9	R1_pasted_AGCTAGTC
sample10	R1_pasted_TACCATAA
sample12	R1_pasted_ATCTCGGA
sample14	R1_pasted_TACTGCGA
sample15	R1_pasted_GCCTTAGA
sample16	R1_pasted_CACGTATG
sample17	R1_pasted_CCGTAACA
sample18	R1_pasted_TTGCAATA
sample20	R1_pasted_GTGACATC
sample21	R1_pasted_TCGGCTGG
sample22	R1_pasted_GAGCCTTA
sample23	R1_pasted_CAGAGTTC
sample24	R1_pasted_TGGCTAAC
